{"actor_loss": 0.05955691263079643, "adv": 14.13326644897461, "critic_loss": 29877.826171875, "q1": {"_type": "histogram", "values": [12, 1, 0, 0, 0, 1, 17, 47, 46, 13, 15, 9, 9, 2, 6, 2, 1, 2, 1, 2, 3, 0, 0, 0, 0, 3, 0, 0, 0, 1, 1, 10], "bins": [-94.76573181152344, -83.0662612915039, -71.36679077148438, -59.667320251464844, -47.96784973144531, -36.268375396728516, -24.568904876708984, -12.869434356689453, -1.1699638366699219, 10.52950668334961, 22.22897720336914, 33.92844772338867, 45.62792205810547, 57.327392578125, 69.02686309814453, 80.72633361816406, 92.4258041381836, 104.12527465820312, 115.82474517822266, 127.52421569824219, 139.22369384765625, 150.92315673828125, 162.6226348876953, 174.3220977783203, 186.02157592773438, 197.72103881835938, 209.42051696777344, 221.11997985839844, 232.8194580078125, 244.5189208984375, 256.2183837890625, 267.9178771972656, 279.6173400878906]}, "q2": {"_type": "histogram", "values": [13, 0, 1, 0, 1, 17, 55, 39, 18, 15, 8, 8, 4, 4, 4, 1, 0, 0, 3, 2, 0, 1, 0, 0, 0, 0, 0, 0, 1, 0, 0, 9], "bins": [-96.68472290039062, -82.95651245117188, -69.2282943725586, -55.500083923339844, -41.77186965942383, -28.043655395507812, -14.31544303894043, -0.5872297286987305, 13.140983581542969, 26.869197845458984, 40.597412109375, 54.32562255859375, 68.0538330078125, 81.78205108642578, 95.51026153564453, 109.23847961425781, 122.96669006347656, 136.6949005126953, 150.42311096191406, 164.15133666992188, 177.87954711914062, 191.60775756835938, 205.33596801757812, 219.06417846679688, 232.79238891601562, 246.52061462402344, 260.2488098144531, 273.97705078125, 287.70526123046875, 301.4334716796875, 315.16168212890625, 328.889892578125, 342.61810302734375]}, "Episode": 249, "_timestamp": 1694593477.5190458, "_runtime": 1902.6407659053802, "_step": 249, "_wandb": {"runtime": 1902}}