{"actor_loss": 1.7210053205490112, "adv": 1.650596261024475, "critic_loss": 132856.84375, "q1": {"_type": "histogram", "values": [1, 0, 0, 0, 0, 0, 0, 0, 0, 0, 0, 2, 3, 2, 2, 0, 4, 2, 4, 2, 4, 4, 11, 5, 6, 12, 19, 21, 26, 24, 23, 27], "bins": [5.499856472015381, 5.4998979568481445, 5.499939441680908, 5.499980926513672, 5.5000224113464355, 5.500063896179199, 5.500105381011963, 5.500146865844727, 5.500188827514648, 5.500230312347412, 5.500271797180176, 5.5003132820129395, 5.500354766845703, 5.500396251678467, 5.5004377365112305, 5.500479221343994, 5.500520706176758, 5.5005621910095215, 5.500603675842285, 5.500645160675049, 5.5006866455078125, 5.500728130340576, 5.50076961517334, 5.5008111000061035, 5.500852584838867, 5.500894546508789, 5.500936031341553, 5.500977516174316, 5.50101900100708, 5.501060485839844, 5.501101970672607, 5.501143455505371, 5.501184940338135]}, "q2": {"_type": "histogram", "values": [64, 4, 1, 2, 0, 2, 0, 0, 0, 1, 0, 1, 0, 1, 0, 2, 1, 0, 0, 3, 0, 2, 0, 0, 0, 0, 0, 1, 0, 1, 1, 117], "bins": [-3.034283399581909, -2.750443935394287, -2.466604709625244, -2.182765245437622, -1.8989259004592896, -1.615086555480957, -1.3312472105026245, -1.047407865524292, -0.7635684609413147, -0.4797290861606598, -0.19588972628116608, 0.08794964104890823, 0.37178900837898254, 0.6556283831596375, 0.93946772813797, 1.2233071327209473, 1.5071464776992798, 1.7909858226776123, 2.0748252868652344, 2.3586645126342773, 2.6425039768218994, 2.9263432025909424, 3.2101826667785645, 3.4940221309661865, 3.7778613567352295, 4.061700820922852, 4.3455400466918945, 4.629379749298096, 4.913218975067139, 5.197058200836182, 5.480897426605225, 5.764737129211426, 6.048576354980469]}, "Episode": 17, "_timestamp": 1694591448.3015206, "_runtime": 141.32678365707397, "_step": 17, "_wandb": {"runtime": 141}}